ID,BlendProperty1,BlendProperty2,BlendProperty3,BlendProperty4,BlendProperty5,BlendProperty6,BlendProperty7,BlendProperty8,BlendProperty9,BlendProperty10
1,-0.12213136,0.11315625,0.68380797,0.27649254,0.30537537,0.65379465,0.62987876,0.26604602,-0.29757792,0.3094593
2,-0.48037437,-0.6267115,-1.2096903,-0.16582903,-0.70992965,0.0059593464,-1.2436595,-1.2593344,-0.6977197,0.08796004
3,1.4973236,0.9217449,0.9312528,0.7513145,1.8963414,1.3532934,0.8872629,1.7223825,0.43791744,2.0635884
4,-0.20687486,0.23812744,0.6315742,0.027106628,1.9035743,-0.25843698,0.6167679,0.9340258,0.80868506,-0.7444257
5,-0.09494465,-0.6569731,1.0912236,0.27545556,2.5230944,0.292833,1.0422257,0.2975017,-0.69401294,0.93369275
6,-1.44356,-1.6621152,0.2488177,-1.4276707,-0.008055156,-1.3767196,0.29840678,0.02923351,-0.8018681,0.09487346
7,0.68808526,0.28977582,-0.14033718,-0.013965563,-0.11570408,0.3473754,-0.17509803,0.19483064,1.1893504,0.37875956
8,1.7726752,1.0266839,0.62617093,1.1127214,-1.4682814,1.1764165,0.56419545,0.76568836,1.5537657,0.3387411
9,1.2602352,1.2053957,0.991754,1.5876511,-0.5566235,1.069159,0.91916174,0.01596322,0.88858443,0.5725905
10,-0.92977846,-0.7528334,-1.9234631,-0.5387796,-1.1758248,-0.5956323,-2.0779817,-0.027372884,-0.74679923,-1.3998673
11,-0.020448808,0.17010587,0.82421094,0.5468459,1.6752596,-0.20846519,0.8434339,-0.10471919,-0.59337026,0.8883
12,0.8221398,0.38896772,0.713867,-0.32537386,1.0203186,0.3423861,0.7124124,0.5460482,-0.4125765,0.922868
13,0.6970553,-0.10940511,0.87910557,0.382363,-1.364068,1.781815,0.88427234,0.672753,1.2516484,1.6754535
14,-0.53575236,0.36600906,0.5081531,-0.6273383,2.3553119,-0.583707,0.5019798,0.10037519,-1.0671848,-0.38460118
15,0.74310243,1.917221,0.62007695,1.6876516,-0.23027818,0.4815235,0.597573,1.1553317,0.66837436,-0.64144427
16,-0.12921204,-0.5470211,0.65235204,-0.58410126,0.5268708,-0.9536187,0.65309715,0.019876711,-1.2942032,0.3060601
17,-1.2296946,-1.0722015,-0.04791657,-1.5582811,-0.6818992,-0.15796104,-0.09308246,-0.78119737,-0.3021638,-1.1589204
18,-0.22505891,-0.21332128,0.48179242,-0.20942606,-0.057532992,-0.011970632,0.4079777,1.1235259,-0.34871417,-0.7721253
19,-0.036709238,-0.17018588,0.8547172,-0.4312934,1.8610996,-1.0418956,0.9628193,1.1760178,-1.1771011,1.4305836
20,-0.13047776,-1.2740381,0.44681874,-0.85488516,-0.662788,-0.7075636,0.36441457,0.34214824,-1.0591897,-1.4417841
21,-0.16671845,-2.0312076,0.4001481,-0.7568867,1.7829046,-1.5124134,0.39641702,0.5375318,-0.8010711,0.6332074
22,0.19400235,0.8641821,0.1934361,1.2825851,1.3253198,1.5572219,0.04724745,0.5893229,0.35134968,1.491743
23,1.1453515,1.3137015,0.9206287,0.84918827,1.4749398,0.2904616,0.9951875,0.9279401,0.21829544,1.2724015
24,0.107610166,0.5745563,0.4467721,0.36744544,-0.99316466,0.30412662,0.32624313,-0.36445653,-0.24609503,0.20491281
25,-1.2743976,-0.84930414,-0.04044981,-0.7060481,-0.54568905,-0.3032691,-0.11001609,-0.97412586,-0.19748862,0.067372985
26,-0.3621434,-0.15650411,0.42575026,-0.70900214,-0.19422151,0.0062921774,0.38276726,-0.9515115,0.114433326,-1.2808888
27,1.1178008,0.51049596,0.018904986,1.5190597,-1.3537031,0.13226323,-0.08325624,-0.08038616,0.4954599,-1.0359495
28,0.21626696,-0.64905304,-0.29082492,-0.8488488,-1.129918,-0.2553994,-0.26790753,-0.83212376,0.67690223,0.71025145
29,-0.99062085,-1.0982767,-0.060194734,-0.4797257,-0.437233,-0.8355399,-0.00784939,-0.9913644,-0.55715084,0.18460438
30,0.2323414,0.39487824,-0.58064765,-0.542997,-1.6812843,0.42436165,-0.55770683,-0.63765,0.1539188,-1.4066089
31,-1.1189592,-0.41983676,0.23868747,-0.37389776,1.1518775,-0.9763694,0.21181743,0.037163265,-1.6803421,0.48039255
32,-1.216186,-0.46278998,-0.037096184,-0.94531006,0.37166026,-1.2257396,-0.04808547,-0.43267977,-0.7804273,0.24420473
33,0.722586,0.47245628,-0.54331726,0.2647933,0.10665275,-0.3877136,-0.5300908,0.1631914,0.3231045,-0.36092445
34,0.9025953,0.8238135,0.2797013,0.077617496,-0.9410657,0.30136314,0.24756469,1.4569079,-0.13547868,-0.61681813
35,-0.70484483,-1.143977,-0.076250404,-0.8874951,0.1081797,-0.56895983,-0.16364399,-0.97893226,-1.8639233,0.17420298
36,1.3292471,0.36105102,0.4427267,0.7330833,0.7661136,0.6285593,0.53704137,1.1181332,-0.44843593,0.603899
37,0.030340483,-0.10962998,-0.5648397,-0.055246815,-1.2801979,0.17365743,-0.51949126,0.016035568,1.4783205,-0.41420338
38,0.31675088,0.9175121,0.44892827,0.9530012,0.30855426,0.61693156,0.31329682,0.03464849,1.0330346,-0.83130556
39,-1.7669976,-1.4551849,-0.14859569,-1.4175333,0.22565751,-0.0046180687,-0.12938973,-1.4377025,-0.7647003,0.12059
40,0.07098573,0.7500371,0.56255734,-0.48722693,-0.1902483,0.27761588,0.59798247,-0.18048438,0.4571168,-0.63887095
41,1.7623528,1.2944298,1.2622789,1.4071952,2.2248507,2.045158,1.4249141,0.9387036,0.94567466,1.6963695
42,1.7905892,0.48062712,1.038598,0.45714572,-1.1519902,0.5462007,0.91653824,0.7490908,1.2975227,2.0575356
43,-1.7928739,-0.53893745,-0.9223049,-1.027242,-0.45162842,-0.6528938,-0.9357335,-1.5903192,-0.6891537,-1.1663035
44,1.0834887,0.36128327,0.19820991,0.9206219,-0.31478184,0.50784725,0.2084497,1.6306932,0.20144199,-0.064502895
45,-0.50881046,-0.6091358,0.042762306,-1.5487075,1.8262597,-1.3060454,-0.05213289,-0.3421874,-1.3537195,0.5526912
46,0.65140307,0.99714595,0.7032618,0.5660615,0.6626646,0.7419402,0.6220856,0.3677242,0.7395322,-0.75810474
47,-1.3142523,-1.8271618,-0.74178594,-1.2516274,-0.07181082,-1.8004153,-0.7543292,-1.0769008,-1.828025,-0.24751778
48,-0.056879714,0.11996464,-0.48252863,0.16241932,-0.43686652,-0.4720462,-0.5708167,0.13453442,0.61613834,-0.64169294
49,-0.48558035,-0.91318923,0.37037554,-0.07904925,-0.8519891,-0.3947951,0.46953022,-0.13931842,-1.4985844,0.101603664
50,-1.4070874,-1.2131845,-2.1915226,-0.8292729,-0.58052415,-1.3103591,-2.067586,-1.6070092,-1.6147602,-1.5475912
51,1.577516,0.62039334,1.6418653,0.443228,1.948809,-0.460226,1.7787791,0.13266091,-0.35251164,1.9607332
52,-0.058044344,1.1191857,1.3510647,-0.05007794,1.1164839,1.0999011,1.4661853,0.71049714,0.34858677,-0.83406556
53,0.027131999,0.042627394,-0.4812957,-0.58573854,-0.00044087216,-0.7626272,-0.5486338,0.35602784,0.5159438,0.20273972
54,1.3766224,0.721677,0.2758194,0.62961024,0.6924982,0.074300386,0.18662164,0.743563,-0.7082606,1.7745532
55,0.327443,0.6307908,0.54630274,0.2707785,-0.11036472,0.8587991,0.5366621,0.20516196,0.64826477,-0.2551
56,0.7259814,0.11481645,0.39666098,0.19449951,-0.101808146,0.5917992,0.40457815,0.93680066,-0.12702695,-1.032603
57,-0.099513374,0.1251949,0.46028793,0.13828528,-0.23751906,1.2395004,0.48399213,-0.061362375,0.26736608,0.6728329
58,-1.4457105,-0.9742587,0.48269394,-0.2916401,1.3048521,-0.7330357,0.5003809,-0.4366009,-1.8609164,0.1418365
59,-0.18419495,0.4315847,0.46795756,0.768572,-1.2745012,-0.3035025,0.39425915,-0.07917333,0.65295887,-1.7188095
60,-0.83150065,-1.6074418,0.24115403,-1.4466171,1.6206766,-0.9674106,0.1390038,-0.8043075,-0.9731563,0.7457802
61,-0.10424262,-0.15386333,-1.9052612,-0.87148625,0.061049134,-0.5551886,-1.7980987,-0.6532658,-0.17580833,-1.2458313
62,0.037341632,-0.9330072,-0.062323656,-0.41814232,-0.90505695,0.325547,-0.11267181,-0.6372343,1.0763273,-0.7723977
63,1.1643617,0.37306157,0.6789247,1.4174343,-0.23410304,1.191342,0.6401745,0.93475974,1.1524599,1.2474582
64,-0.30881274,-0.40493703,0.6530105,-0.6498128,0.91115403,-0.93301183,0.6408095,-0.02901117,-1.0064431,-0.0022363216
65,-0.40989107,-0.52034545,0.9060932,-1.2408135,0.2749604,1.3047187,1.033208,0.64896923,0.61185765,-0.66749305
66,0.3821115,-0.27041787,-0.16787292,-0.57315516,0.8078954,0.054784764,-0.30407366,-0.25455183,0.4972379,-0.09332548
67,0.98131233,1.5940406,0.8261422,0.4987657,-0.13466053,1.3510269,0.70207167,1.1464367,0.79890853,0.710127
68,-0.655766,-0.84604895,-0.79868895,0.3629674,-0.99948,-0.4930366,-0.9017824,0.36824667,-0.57958657,-0.6291895
69,1.4378563,1.226043,0.51403356,0.8675972,-0.4607097,0.030797644,0.46318817,1.0031276,0.0036509756,1.5887218
70,-0.16053995,-0.24814315,0.38783038,-0.24103959,-0.24635252,-0.7282804,0.34887558,-0.55068976,0.19887464,0.64715576
71,-0.3160858,-0.17205709,-0.07106557,-0.5456914,-0.8024341,-0.65068704,-0.01339482,-0.31283578,-0.57167137,0.7382383
72,0.71203595,0.2721844,0.10074245,0.8265852,0.30339053,0.86658156,0.16631515,0.3698624,0.4988965,-0.8003033
73,0.3181176,0.6535139,1.5868069,-0.6828306,2.7806015,0.7378244,1.6150999,0.25843856,-0.05472688,1.3272556
74,1.431253,0.8976296,1.20491,0.9378179,1.4168158,0.16435118,1.085704,0.8700575,0.39627582,2.1025102
75,1.1427002,0.61821854,0.003980434,0.886747,-0.55277425,-0.04201953,0.0061807903,0.66102165,0.64161855,0.24118768
76,-0.62777936,-0.2025846,-0.15540619,0.09199044,-0.27868065,0.662153,-0.2818805,-0.22829698,0.022943716,-0.9571502
77,-0.35825932,-0.028998353,0.5978039,-0.34790528,-1.0961843,-0.4441691,0.61704004,-0.47663167,-0.61533046,-0.833843
78,0.5934747,1.1989347,0.96460193,0.64428425,0.98146945,1.7623044,0.8811666,1.857757,0.28305316,-0.30551946
79,0.9484317,0.94540393,0.4152715,0.9329649,-0.5781936,0.5765771,0.3265717,0.94667387,0.9136181,-0.12860584
80,0.58073413,0.3112079,-1.2509242,0.036131747,-0.7049771,0.21789156,-1.2996376,-0.22117475,1.5514082,0.546261
81,-0.2185965,0.49208754,0.90971583,0.019846495,-0.46763146,-0.54308563,0.926686,1.0190341,-0.046421386,1.2801102
82,1.3931334,1.1047379,0.94591486,-0.13058515,0.36380634,1.0448744,0.87460744,0.4905376,0.15127248,-0.47477135
83,-0.40886712,-0.27095127,0.49968135,-0.6657376,-0.75315166,-0.16265596,0.5358655,0.045674898,-0.38132495,0.3848447
84,0.757154,0.46997112,1.1858923,0.82227725,-0.47273523,1.0956256,1.3144433,1.5782093,-0.2605695,0.4733032
85,-0.7316473,-0.33542854,-1.3638922,-1.1953653,0.035213802,-1.611971,-1.4768214,-1.2725029,-1.1823725,-0.0825821
86,0.2722833,-0.6837119,0.85435444,-0.23129152,1.2298247,-0.15672058,0.85412216,0.106321156,-2.0921206,0.70411915
87,-0.75526327,-0.86640143,0.8433882,-0.7756078,0.1297693,0.22962786,0.8207121,-0.56646436,-0.44314563,-1.3568937
88,-0.69463855,-0.077658005,0.30786613,-0.625173,-1.0235267,-0.30560872,0.29731992,0.12969203,-0.80058664,-0.28208682
89,-0.001429441,-0.43715465,0.52021545,-0.4638553,-0.47252217,-0.6282781,0.45863092,-0.8440866,-0.5205247,-0.54537463
90,0.37798974,-0.52365893,0.689724,-0.3233646,1.9675512,-0.8954218,0.8025759,0.17213179,-1.16661,0.7705658
91,0.12502132,-0.5381275,-0.24331154,-0.123350084,-0.79171634,0.056167364,-0.2590522,-0.1409385,1.1606687,-1.3058048
92,-1.2066841,-0.24981464,0.43939874,-0.8314292,-0.46277958,-0.7308935,0.43646273,-1.2723368,-1.2619241,-0.2815542
93,0.3440272,-1.0449883,1.3053406,0.5048824,0.73785084,0.072964534,1.2090564,0.6824578,-0.033630304,0.7478949
94,1.6845067,0.68068826,0.5873008,0.7583844,-0.97713506,0.60219055,0.66323346,0.8161898,1.099873,2.057875
95,0.96384597,0.7038343,-0.056937017,0.6464654,-0.25905722,0.83675253,-0.22742294,0.36857548,1.702588,-0.76480585
96,-1.2334932,-1.0189608,-0.015919108,-1.4845363,0.5800705,-1.7856052,-0.0036535724,-0.082582235,-1.6345799,0.07114225
97,0.20764045,-0.013991168,-0.033984415,0.05521839,-0.15788326,-0.13650905,0.083554685,-0.305936,0.01279541,-0.80047125
98,-0.75561213,-0.29910412,0.2064915,-0.81610686,-0.96310085,-1.1028032,0.22076581,-0.3948823,-0.119979076,0.20382695
99,-0.06855254,0.23039131,-1.5043148,0.09855494,0.021425586,-0.8563326,-1.5072166,-0.45509544,0.15626806,-0.7376445
100,-0.39047164,-0.34412324,-0.34334147,0.41952693,0.6777433,-0.13967346,-0.22228658,-0.2766737,-0.5579898,-0.4206035
101,-1.2050252,-1.6864867,-1.7604381,-0.987397,0.46404803,-0.76632255,-1.7541445,-1.8943516,-1.2640072,-0.47066212
102,-0.7249277,-0.75528854,-0.39490625,-0.71128774,-0.81652504,-0.09671804,-0.34988117,-0.62678796,0.032273743,0.23214866
103,-1.7901704,-1.3347435,-1.0809323,-1.1529955,-0.8662278,-1.271643,-1.0718279,-1.2911909,-1.0738653,-1.3621587
104,-0.88935477,-1.1668857,0.78309304,-0.2741446,0.962533,-0.05103583,0.89925086,-0.6012923,-0.06974353,0.15767139
105,0.5797089,0.19197711,1.0380851,0.38189533,0.11701552,-0.12624598,1.0051941,0.65558696,-0.97401077,0.6317188
106,0.33400124,0.7690739,-1.9682683,0.21700576,-1.5308594,0.4803028,-1.8946626,-1.0188733,1.7760092,-0.72500753
107,-0.57291377,-0.85152745,0.17118503,0.010758195,0.26459944,-0.359834,0.09970879,-0.20100848,0.06309866,-0.92235166
108,-0.75122964,0.033198815,0.11565548,-0.735723,-0.8204882,0.34772366,-0.047477666,-0.39047733,-1.0198396,0.0074671796
109,0.11438741,0.22377501,0.77700955,-0.23022218,0.62252486,-0.6058199,0.59586394,-0.041898374,-1.2776589,0.9129913
110,0.7048577,0.4400359,-0.81897223,0.7632571,-0.43554515,0.39256048,-0.81530154,-0.3949891,1.1194084,-0.66106045
111,0.067286484,-0.2334188,1.2971448,0.370694,1.0487031,-0.47805482,1.3560201,0.55208206,0.09678932,1.0541981
112,0.6589839,0.29069257,0.3992541,-0.21796778,-0.26639634,0.28945482,0.4506313,0.8104366,0.82938933,1.4204968
113,-0.048627824,-0.15575,-0.12414968,0.4665483,0.18383461,-0.44515696,-0.23811056,-0.12497672,-0.09632697,-0.7010031
114,-0.3250697,-0.87836385,-0.84111726,-0.7556263,-0.77756906,-0.26909938,-0.8988082,-1.4461558,0.17427142,-0.15241177
115,0.9480333,0.2795067,-1.0447732,0.61392856,-0.43744686,1.1783975,-1.1892289,-0.09425043,0.5612238,-0.31758034
116,-0.5072097,-0.3526905,-0.8033209,-0.18196128,0.37930307,-1.185806,-0.8421843,-0.42596024,0.22703655,-1.0045092
117,-0.34458143,-0.3447825,-1.6886712,-0.76441526,-0.7845952,-0.07079185,-1.6621274,-1.0796486,-0.24299642,-0.65565133
118,-0.04087193,0.12268878,0.6659261,-0.4271289,2.2220187,0.6174957,0.66964424,-0.10609026,0.41225037,-0.5199473
119,-0.27495155,-0.6805757,-2.1053283,0.025742501,-1.6786665,0.3486875,-2.0692296,-0.63677806,1.1851224,-1.3072246
120,0.9162699,0.3952477,0.2689191,0.8599257,0.305738,0.7776983,0.30128622,0.5447051,-0.1939257,0.45055348
121,0.12377093,0.30048352,0.10998533,0.24742174,-1.0177944,1.1946249,0.043930106,0.53075755,0.77640826,0.012921757
122,-0.4149204,-1.0438943,0.40662962,-0.9411441,-0.1557735,-1.0040175,0.40894932,-0.6964145,-0.3336686,0.6684681
123,0.3322503,-0.29670933,0.047446255,0.3240226,-0.051779635,0.2884084,-0.008728557,0.33847982,0.36236373,-1.1922314
124,-0.51135254,-0.9374566,-1.3391601,-1.1681234,0.1324988,-1.0542647,-1.2996777,-0.8860368,-0.65922153,-1.1335001
125,-1.9104664,-1.7783531,-2.2120275,-1.7744753,-0.18909633,-1.7868614,-2.221483,-1.3842374,-0.92827076,-0.43145454
126,0.7728466,1.1528562,-0.024041925,0.23750381,0.3727479,0.9994928,-0.06109098,0.13725574,0.39568323,0.43672475
127,-0.83916694,-1.456712,0.7489388,-0.20608489,2.5351913,-1.3171724,0.79578507,0.27916226,-1.2780854,0.26872727
128,0.42822418,0.49681124,-1.0086473,0.5138423,-1.3005866,-0.6935297,-0.9100766,-0.47631478,1.07343,-1.0101943
129,-0.17955503,-0.74556994,-0.05119398,-0.6639697,1.9409899,-0.037714068,-0.09462796,-0.44751436,-1.0037581,0.17394528
130,1.0528779,1.3864149,1.313406,2.1656902,1.6434765,1.5789584,1.4772149,1.0657805,0.5069043,0.12915768
131,1.8415875,1.4092007,0.73549503,1.625257,2.2610254,1.3281057,0.7844224,1.9365295,0.9710232,0.07881551
132,1.4373997,1.330436,0.7675414,2.0408254,-0.86409694,1.033131,0.76845825,1.5283443,1.7882206,-0.012211311
133,0.46860495,1.0621705,-0.8228252,1.4686191,-0.5337274,0.42726192,-0.7476003,-0.27044874,0.39914748,-1.3711736
134,-0.89353156,-2.010693,0.047241513,-0.8199648,1.5048109,-0.7380766,-0.07377001,-0.36172083,-0.082848035,0.3809821
135,-0.4297545,-0.09996433,-1.399764,0.19472438,-1.2359037,0.59060574,-1.4357307,0.17474382,0.50460935,-0.45584354
136,0.56288016,-0.19027305,-0.06930851,0.34558663,0.91840214,0.22893028,-0.16403364,0.45101935,0.6018678,0.3521769
137,-0.35993823,-0.40403396,0.32409513,-1.0645286,0.71641845,-0.16273057,0.25556746,-0.29459053,-1.5966604,0.71556455
138,1.4501438,0.06750819,0.32311243,1.3135135,0.18503761,0.40117615,0.2510035,0.002610227,0.6792436,1.646142
139,-0.037751798,-0.64476967,0.4088657,0.16835377,1.9287777,-0.84766215,0.41522315,-0.2254231,-1.3326501,-0.32260987
140,-0.8657346,-0.14944842,0.73509043,-0.55396193,-0.10044422,1.066585,0.8512517,0.6467221,0.3982507,-0.15857701
141,0.46122858,0.37439066,-0.73908055,0.19757983,-0.33924335,-0.4184552,-0.80875987,-0.09224426,-0.23370811,-1.0364999
142,-1.1628281,-0.5979794,-2.030201,-0.70677024,-0.85932523,-0.32768065,-1.9826119,-0.7115398,0.26572222,-0.40996018
143,0.83433646,0.97712815,0.7981417,1.0721266,-0.9173966,0.41244966,0.7224062,0.9853555,0.8338645,0.96138453
144,-0.14336902,-0.1212088,-0.1574335,0.1011508,0.4926363,0.106436536,-0.17077011,0.98401856,-0.565664,-0.3073455
145,0.8763269,1.1318942,0.6280649,0.7031576,0.08942975,0.9932057,0.5401985,0.31513113,1.3073934,1.9846125
146,0.17848794,1.271615,0.38555872,0.4716531,-0.5949477,1.6323754,0.22209288,0.35892093,0.59859645,-0.37098575
147,0.17892687,0.5074266,0.099248506,-0.28233573,-0.31234223,0.2185476,0.039505143,-0.40858692,0.11728132,-0.078979746
148,1.1743906,1.0118718,-0.19537832,0.9880784,-0.117879346,0.9035243,-0.26805073,1.2012473,0.6185766,0.27286008
149,-1.3315192,-1.3372105,-1.5968456,-1.180057,0.038391788,-1.7039175,-1.618874,-1.5797818,-0.21822673,-0.2781859
150,0.98809433,1.183931,-0.3358434,-0.0873213,-0.47675735,0.7422418,-0.43537265,0.20227003,1.025083,-0.651521
151,-1.1779158,-0.5557293,-0.033733964,-1.2520598,0.60709107,-1.5052828,-0.05431915,-1.1765019,-0.757084,0.18918179
152,-0.8644471,-0.09438834,0.05583713,-0.54335123,-0.23812279,0.07414847,0.06798679,-0.52277035,-1.4026402,-0.9077968
153,-0.28503868,0.14790715,-0.907182,-0.38148454,-0.4581982,-0.17364039,-0.7838477,-0.8504039,-0.94338566,0.7981613
154,1.464522,0.44984528,0.68003064,0.7601901,-0.3380301,1.193731,0.5978782,1.2663628,2.0248687,0.26780695
155,0.8821312,0.37132496,0.61062497,0.38599285,-0.80092543,0.3762758,0.5061264,1.1817688,0.22125974,0.55285305
156,0.9393768,0.5161006,-0.7192689,0.5227165,-1.2482488,-0.065903865,-0.5989841,0.2644232,1.3350865,0.5453715
157,0.008640818,-0.30213597,-0.31479585,-0.09841847,0.46292007,-0.6570896,-0.28764084,0.23407184,0.03316588,1.0177689
158,-0.79456824,-0.5712247,-0.09601082,-0.32826716,0.024504088,-0.20498888,-0.15991779,-0.29285744,0.4932102,-0.07685806
159,0.12729618,-0.18416518,-0.11033637,-0.03446455,0.8138965,0.43300048,-0.040447056,0.5356856,0.16539662,-0.3791904
160,0.6768573,0.09936524,0.5865219,-0.18501489,-1.1826373,0.29026094,0.53687054,-0.32805783,-0.78791845,-0.7221349
161,0.65356123,0.22722101,-1.660282,0.35534078,-0.4277871,-0.0054142936,-1.6125109,-0.85909003,1.3139787,-1.1894119
162,0.831074,1.5798099,0.32678932,0.68384385,-0.4624745,0.9070005,0.4109742,1.1119722,1.2610269,1.7188439
163,-0.53289306,-0.5589028,0.35089946,0.06658739,1.7882484,-1.1629922,0.2887894,0.4620298,-1.8920152,0.5942786
164,0.54322046,-0.1979457,-1.2148294,0.55981034,-0.22036026,-0.63890797,-1.3306125,0.1517483,0.04794465,-0.9054563
165,-0.7684222,-0.7601942,-0.68325347,-0.46444294,-0.4038392,0.023127092,-0.70805454,-0.9083921,-0.6586538,-1.1491345
166,-1.1092904,-1.0781229,-0.103816,-0.8973651,0.09892605,-0.314164,-0.16047102,0.030124223,-0.3808371,-1.1977051
167,-0.45676777,-0.3730424,1.3980936,-0.04060466,2.036124,-0.64233565,1.5393261,0.30304062,-1.4460416,0.17436683
168,0.095661104,-0.2273291,0.39133084,-0.8156578,-0.110709965,0.57229024,0.38328815,-0.24782638,-0.26226494,0.036376815
169,0.3268842,0.16936448,-2.4293382,0.13875024,-0.6929132,0.00427631,-2.3765473,-0.39696047,0.32206488,-1.3320606
170,0.11779921,1.5335221,0.6443673,0.92710686,-0.46463466,0.50224245,0.62591875,0.6732027,0.17285398,-0.4718012
171,0.14932534,-0.36037347,-0.2154826,0.152038,-0.65516454,0.53741115,-0.2338549,0.17999975,0.21492948,-0.94408476
172,0.13050106,-0.10140737,-0.45084974,0.34047365,-0.15405448,0.4637583,-0.61473495,-0.62234116,-0.48469695,-1.2884605
173,-0.9814913,-0.6382168,0.429938,-0.35136798,1.4376478,-0.9095732,0.32410792,0.43544188,-0.683354,-0.3430382
174,-0.49853674,0.49078548,1.4857562,0.68617684,2.4077406,0.10712662,1.5901864,-0.3801607,-0.9935444,0.7319732
175,-0.6254213,-0.63285744,0.84091717,0.23388335,-0.6376825,0.21736808,0.78024894,0.07327042,0.41990322,0.5554213
176,0.9658288,1.2032386,1.2631187,0.8999525,2.2730882,1.0503011,1.2739061,1.4975226,0.83227396,1.9452127
177,0.23345187,0.43189654,0.044805624,0.31717077,-0.3946871,-0.97918814,0.00638392,0.24662985,-0.61797893,1.0600488
178,0.9046653,-0.091546796,0.53305525,0.7490618,-0.5479394,0.83768606,0.41023222,1.0683689,1.2085354,0.9635023
179,-0.5942858,-0.86558443,0.7001393,-0.96854,0.5208567,-1.0771255,0.6378834,-0.20370194,-0.5813325,0.0044087954
180,0.3112004,0.36611757,0.16777998,0.40731552,-0.18223988,-0.6758461,0.20193543,0.17253403,-0.6047522,1.5848464
181,0.121406965,0.60876286,1.3238642,0.9864839,1.7481564,0.75497377,1.3433632,0.89959145,0.5003567,-0.28089306
182,0.13807449,0.14008874,-0.9845558,0.00081076554,-0.13305484,-0.02499437,-1.0112805,0.09791196,0.1271048,0.13121574
183,0.86030966,0.96245605,0.98318064,1.0113908,-0.4015304,1.2295543,0.9056814,1.3142657,0.17572555,1.7433954
184,-0.6812003,0.08894391,1.5011661,0.57715297,2.8035464,-0.5884733,1.6592942,1.3550903,0.02247131,0.47919348
185,1.2950529,1.1368498,-0.07038156,0.6568185,-1.0192267,0.038024448,-0.040469237,-0.016894013,-0.2735757,1.7049613
186,-0.4530323,-0.39497557,0.41565627,-0.6488667,0.11696658,0.30951452,0.3810463,0.32699025,0.36339137,-0.12828623
187,0.75119615,0.46567494,1.2374929,1.2483298,-0.011068207,0.5042551,1.2834237,1.1340989,-0.0053013884,1.0566418
188,-0.06871533,0.13290597,-1.0778202,-0.6731339,-0.38176876,-0.5184697,-1.0133253,-0.72360015,0.6425817,-1.1942905
189,-1.2786547,-1.1819402,-0.22709629,-1.4566076,-0.46996793,-1.2310565,-0.24677357,-1.2402625,-1.1264334,-0.6100378
190,-1.3016587,-1.2871186,-2.0716758,-0.6856201,0.20185813,-1.0333135,-2.0253208,-1.7143524,-1.0286515,-0.91145915
191,1.0302027,0.17908795,1.297135,0.95227754,-1.301591,1.5563307,1.33755,0.9867646,1.4525794,-0.60603476
192,2.0559456,1.0558332,1.2540915,0.88807803,2.1835284,0.47741026,1.4720072,1.9825647,0.8852833,1.8898216
193,0.024710514,0.78624266,1.2929866,0.41740152,2.0569365,0.7948321,1.3000053,1.5801313,1.4148957,-0.21654521
194,1.2437713,0.06012083,0.19143885,0.2127003,-0.06343535,0.16138901,0.23586869,-0.27326563,0.9958978,1.0173316
195,-0.15601254,-1.1420234,0.16992155,-0.8717276,1.3406293,-0.48463345,0.17627034,0.13718735,-0.74791735,0.42864224
196,0.81021786,0.7194655,1.2727492,1.1021335,-0.6484821,1.1250511,1.4412953,1.2813772,0.22400966,0.13464175
197,-0.77112097,-0.32681265,-2.0752034,-1.0356025,0.1392639,-0.5715219,-2.0164075,-0.59064347,-0.7966415,-1.485855
198,0.650321,0.67967045,0.9333842,0.85393256,-0.446031,0.9584441,0.9099255,1.2608004,0.745341,1.712122
199,-1.9598392,-1.4749556,-1.1854007,-1.1863374,-0.37735024,-1.4732095,-1.3959838,-1.2926885,-0.56838787,-0.28870898
200,-0.22488356,-0.32519096,0.25515616,-0.5232006,-0.5963329,-0.4753069,0.17517474,0.27238184,-0.5459395,0.5233701
201,-1.4361706,-0.5868338,-1.9153035,-1.60652,-0.44871995,-1.6115121,-1.7948664,-1.4609501,-0.11432033,-1.5176789
202,1.4215161,0.45708352,0.6656019,0.8195407,-1.0612869,1.9069129,0.5724876,0.74020994,1.6619939,2.0548122
203,1.112865,1.3326094,-0.08742535,0.9281569,-0.2242182,0.26014546,-0.07177923,0.7639487,0.9579247,1.8005955
204,1.9799973,2.1572323,1.1223906,0.89873433,1.1649843,0.8797574,1.1491551,0.6640714,-0.022713026,0.08506255
205,-0.8555945,-1.6132001,0.2755011,-1.4816482,1.0326165,-0.24479991,0.27025965,-1.1635382,-0.3988776,0.39795122
206,1.4546276,0.6720401,1.1882597,1.414855,-0.47096595,0.56304914,1.1620976,0.9235953,0.36731574,1.8511577
207,1.2338009,0.3840295,0.0077159554,0.62397474,-0.10331209,-0.13001244,-0.011204547,1.4560351,-0.25674954,1.7892654
208,0.728351,1.4230422,0.36875954,1.1384847,-0.3896009,1.4056431,0.22928107,1.2938459,0.84299326,-0.54904443
209,-1.3034179,-0.94358367,-0.30776623,-1.3532647,0.056272358,-0.45338872,-0.30326894,-0.4370345,-0.9451637,0.36526206
210,-0.53109604,-0.71166885,0.62622625,0.5859486,1.6360383,-0.03150304,0.66406024,0.6238761,-0.64301944,0.5816454
211,0.08326817,0.5205208,-0.55357766,0.52930987,-0.39880246,0.023274107,-0.5227221,0.55483454,1.1684312,0.84889805
212,-0.06573994,-0.18982399,0.37101537,0.342162,-0.75635207,-0.7030842,0.33888552,0.46537608,-0.20064734,-0.3547781
213,-0.35361278,-0.14840424,1.149864,-0.6751557,2.2102923,-0.37679526,1.0621171,0.6152601,-0.4563316,-0.84330654
214,0.113766655,-0.13639559,0.9569057,0.21356386,1.313368,-0.3119155,0.99014467,-0.39195466,-0.22488572,-0.12480825
215,-0.20489709,-0.033792626,-0.3210931,-0.13116325,-0.0931318,-0.17661622,-0.4581415,-0.7886582,0.89273226,1.0074271
216,0.5804314,1.9038599,1.395291,1.1780201,1.9772899,1.4886161,1.5179029,1.2674013,1.3382733,-0.56402117
217,1.3177522,1.8460044,1.3819233,0.62358636,2.2074947,0.7606562,1.4627459,1.1131294,1.5128266,0.34210706
218,0.40319747,0.11163539,0.8568385,-0.111565806,1.0784354,0.6315207,0.80155444,1.525418,0.17346106,-0.5589775
219,-1.4216993,-2.0509849,-0.7415124,-1.6280123,-0.45022947,-1.9460245,-0.659552,-1.3026122,-1.2110264,0.12711433
220,1.2308025,1.3201857,0.735512,0.29821378,-0.68529177,1.3724989,0.9242872,0.19267325,1.3454893,-1.055177
221,-0.07639277,-0.2837795,-0.91892326,-0.13351972,-0.25880182,0.21785098,-0.8146021,-0.63323826,1.4144378,-0.53356725
222,-0.6365361,-1.1389276,0.95630234,-0.2525114,1.0658059,0.029021278,0.91163015,0.25806683,-0.008144916,0.49325806
223,0.13383977,-0.7793761,0.6270571,0.18543796,1.4397104,0.11264638,0.61615515,0.0057500186,0.13901162,0.4316476
224,0.40109423,-0.008792391,0.8709256,0.7400232,2.204531,0.87550735,0.84734535,0.3669447,1.0728828,0.79098254
225,-0.7342715,-0.069655485,0.4850551,-0.55429125,-0.30926248,-0.32656682,0.49767327,0.4938699,-0.1785834,-0.30471653
226,0.16256072,-0.6614767,0.9813565,0.029820547,-0.39242095,-0.7806166,0.9178965,-1.0119169,-0.67784786,-1.1231618
227,1.4721764,0.63154185,0.38113877,1.0081284,1.8003999,1.322281,0.37999064,0.97868526,0.5489112,-0.73382026
228,0.0061591323,-0.27055126,0.74330336,-0.57034385,-0.87489235,-0.61052066,0.6865775,0.10750747,-0.39862543,-0.36141396
229,-0.7589492,-0.20485166,0.28834862,-1.1969721,-0.8924416,0.024837531,0.2393483,-1.3362306,-0.7603207,0.047972776
230,0.17364398,0.5267902,1.1954944,0.41239643,-1.0626667,0.09163454,0.9600157,1.3311856,-0.4850926,-0.9239712
231,0.1400053,0.6492311,-1.9590981,-0.7921988,-1.3166507,0.25718567,-1.942367,-0.7728889,-0.4258891,-1.3628111
232,0.061210405,-0.27142924,-1.7432623,-0.15141982,-0.96733874,-0.22065863,-1.6595479,-0.4641318,-0.29650128,-0.9470949
233,0.83463514,1.7104027,0.69878256,1.423663,-0.60450286,0.70892704,0.5895645,0.6217588,0.8403991,0.88754326
234,-1.0787376,-0.438314,-1.6829612,-1.428973,0.44814762,-0.70668143,-1.4945937,-1.26958,-0.17493014,-1.5467205
235,-1.1532192,-1.805583,-0.85666895,-0.9630649,0.78504556,-1.473253,-0.8960432,-1.181127,-1.4541838,0.09543782
236,0.5561353,0.7857331,-0.48805538,1.5420855,0.27668184,1.5594684,-0.37141365,0.85673887,1.564894,-0.57235926
237,-0.13427861,-0.6202077,0.74513626,0.56042284,0.253185,0.11443147,0.7086529,-0.03324142,-0.01618604,-0.095544994
238,1.3683456,1.0820601,1.0976853,1.8569225,0.7371979,0.72327,1.0444801,1.0935887,1.2641332,1.9767541
239,-0.44252744,-0.84211797,-1.2083181,0.13600698,-0.42173675,-1.1492362,-1.2099067,-1.1036624,-0.9113044,-1.0004113
240,1.315639,1.9123757,0.87515044,1.4430209,-0.54855764,0.89607793,0.81176466,1.5128801,0.8856653,-0.1124414
241,-0.8386604,0.07436969,-1.367351,0.3019087,-0.9652983,-0.6311858,-1.3091831,-0.17999819,-0.15100662,0.038487628
242,-0.89845335,-0.08244342,0.27308998,0.061774727,-0.3430884,0.3279877,0.1804174,-0.05387394,0.12407799,-0.63298386
243,0.01350405,1.2174073,0.33863705,0.07225269,0.23203464,0.31934497,0.31079134,0.6917598,0.66457975,-0.81652504
244,0.94102544,0.9419978,-0.040936124,0.3942234,-0.20219907,0.4271148,0.18348597,0.40506935,0.47988507,-0.38206145
245,1.1673689,0.75437725,0.12476924,1.0107503,-1.3312204,0.7654523,0.09354061,0.71167904,1.4289956,1.2007763
246,-1.2015247,-0.48645607,-1.4288956,-0.12562016,-0.98276186,-0.46569863,-1.3839548,-1.288158,-0.21767683,-1.454282
247,0.03433252,-0.74484473,0.8396449,-0.12017968,0.18924233,0.020051599,0.8171921,0.75530803,-0.66069,1.1620488
248,-0.4561513,-0.83012354,0.26053506,-0.9936586,0.18511254,-0.039678115,0.2470707,-0.2825358,-0.65965337,0.74698603
249,0.9209985,1.5636951,0.28127807,0.9592678,-0.3998836,0.06847979,0.30955854,-0.2805797,0.98336214,1.7909255
250,0.9255948,1.4207729,0.7578472,2.115242,-0.5050035,0.30417293,0.7369919,1.1547596,-0.017854163,1.8435196
251,-1.3609276,-2.1263542,-0.17756544,-1.215889,-0.2470617,-1.5633523,-0.3773149,-1.0895159,-0.22740383,-0.12988417
252,-0.8104519,0.14809683,0.07340732,0.0653089,0.40342295,-0.30966496,0.1173755,-0.45915756,-0.29563215,-0.89466244
253,1.6059983,1.9617875,0.46733156,1.4984814,2.0969858,1.806652,0.54397917,2.0049193,1.4719008,0.25782454
254,0.21103422,-0.115305126,0.36931112,0.54093975,1.1038097,0.46890748,0.36736205,-0.6883681,-0.41024807,0.2435149
255,-1.4770166,-1.8404086,-0.83267236,-1.1775888,-1.1644633,-0.98964417,-0.84704894,-1.7780905,-1.1572287,0.1751257
256,0.54057074,0.6100274,0.8754021,0.14812706,0.39204884,0.6600784,0.9159119,0.27995676,0.63685435,-0.8560696
257,1.2532845,1.1289953,0.7080031,1.8797289,-0.031221619,1.0608007,0.74795884,1.2580204,1.4598191,2.179824
258,1.1776801,0.86389285,0.18134221,1.38905,-0.41086897,0.651064,0.15999047,1.0211527,0.7038563,0.45814735
259,0.72230405,0.47609574,0.4052339,0.80382675,0.19936062,0.07637085,0.41260678,0.28962818,0.39908367,-0.5535685
260,-0.83159256,-0.39939216,-1.5117196,0.14262502,-0.47525212,-0.40727824,-1.4202855,-0.6712952,-0.07678059,-1.4421194
261,0.14032695,1.4177763,1.3325647,0.16199298,1.4723353,2.12111,1.3659834,1.5072778,1.509896,-0.8818544
262,-0.15318102,-0.47740766,-0.62698066,0.16369304,0.53559226,0.12854071,-0.5922009,-0.3415477,0.49763507,-0.8624655
263,0.41510716,0.9931796,0.71433985,1.5023701,-0.8736334,0.7255901,0.65344286,2.3637135,0.06341107,0.5036683
264,-1.1440529,-0.11269719,-0.22562885,-0.22996642,-0.63597965,-0.69721437,-0.2969335,-0.61758924,0.14153518,-1.3082914
265,-0.0738519,0.81445223,1.2396041,-0.41339758,1.6277865,-0.3589647,1.3624012,0.801119,-0.45361415,0.080391705
266,1.3223066,1.3522179,1.0905222,1.4129844,2.1016433,1.1239928,1.0997479,1.5733904,1.0404048,-0.16346201
267,0.80640894,0.9619394,0.56868684,1.2039567,0.5000036,1.2436956,0.53029484,0.57865244,1.0843222,-0.132073
268,-1.3934911,-0.96363914,-0.20425706,-1.373376,-0.38998932,-1.5456096,-0.2340139,-0.52794737,-1.1072602,-0.17153406
269,-0.40746984,-0.09699055,0.66047657,-0.1263135,1.3064203,0.9343202,0.6621025,0.57630056,-0.518704,0.66316843
270,-0.6907402,-0.44662085,0.68336856,-0.8746956,1.9125563,0.30373082,0.5073085,-0.0811116,0.40522313,0.6015406
271,0.015598971,-0.3288248,-0.06490236,0.29710194,0.51356775,0.4469245,-0.11076511,0.9976158,-0.23319033,-0.23909612
272,0.8594819,0.55314636,0.5000732,1.3048222,-1.6287627,0.013684359,0.5980976,0.35951868,0.37387466,0.02167713
273,1.4518046,0.65651745,0.98154545,1.3931834,0.3887005,0.9277279,0.9117251,0.81428015,-0.2518859,2.1241987
274,1.0860404,1.3060675,1.0698804,1.915392,-0.7161358,0.3045365,1.1662481,0.62205213,0.22353908,1.5043501
275,0.13602899,0.08637447,0.8295517,0.8760957,1.4694594,0.8175801,0.8447581,0.60844964,0.4927091,-0.38875124
276,1.1294419,0.9360749,1.530868,1.062882,0.17284177,0.6253661,1.6599348,1.4250251,-0.26342306,1.4215208
277,0.37394065,0.52161443,-0.9170512,0.54609174,-0.8096282,-1.137561,-0.86149305,-0.33991536,-0.027301386,0.2516841
278,-1.6710893,-1.579373,-1.8171475,-1.0182375,-1.0565778,-0.49964786,-1.8106542,-1.5185049,-0.14015871,-1.4214644
279,1.2281795,0.7083426,0.32046127,1.5411445,-0.41978675,0.9211119,0.39413697,1.445219,1.3834529,0.2120757
280,1.0487002,0.3758759,0.13129689,1.2487589,0.42040843,0.79976463,0.11849955,-0.12024654,1.7271477,0.42465493
281,-0.020659437,-0.08688218,-2.1975765,-0.51005775,-0.15678278,0.20137703,-2.1349127,-1.3370489,1.2915705,-0.9412344
282,-0.10673565,0.28490037,-1.5810263,-0.40682626,-0.54638183,0.16333224,-1.5108037,-0.6729679,0.9353085,-1.3312426
283,-0.29993695,-0.28857258,0.050917853,0.07926273,0.094490014,0.3667838,0.06379703,-0.8286024,-1.0505108,0.17178048
284,-0.89254135,-1.497276,-0.43106982,-1.2659142,0.06205958,-1.1958402,-0.52818936,-1.2168034,-1.0185132,-0.04392145
285,0.4947177,0.32315937,-0.6176907,1.2496407,0.28463027,0.784961,-0.5570922,0.23745318,0.6602552,-1.0646212
286,-1.0820248,-1.4350241,-1.4401718,-1.4050372,-1.5802311,-1.533864,-1.3311235,-0.7032369,-1.5539595,-0.37485117
287,0.23799412,-0.011653756,-2.0278049,0.5750223,-1.3936986,0.12243845,-2.006011,-0.8442209,1.5294443,-1.2384315
288,1.7739959,2.3228812,0.33932048,1.8405979,1.8921269,1.4960268,0.43329784,1.3338126,1.4896346,0.49833226
289,-1.0571084,-0.7520005,-1.5942475,-0.42455468,0.2929191,-0.4595919,-1.5411646,-0.5928443,0.45702222,-1.1790639
290,-0.9140495,-1.452807,-0.3416788,-0.7763552,-0.28904423,-0.463923,-0.40908325,-0.7434925,-0.3137258,0.497364
291,-0.70465577,0.25451452,0.18480004,0.19009462,-0.81940305,-0.4238294,0.23124912,-0.37905216,-1.6307468,0.91447794
292,0.9921439,0.039100897,0.16145676,0.08246686,0.58000594,-0.16546707,0.1013683,0.9074079,0.10479767,1.4185203
293,-0.62891304,-0.17161152,-0.10501542,-1.1676469,0.03251105,-1.0569127,-0.15621237,-0.2291172,-0.58180344,0.406552
294,0.660483,0.7941466,-0.39330077,0.6775078,-0.053093545,0.5645288,-0.4349731,0.111750625,1.1948396,-0.27551192
295,-0.90910524,-0.35926285,-1.663914,-0.48773068,-0.98399895,-1.4480208,-1.6153487,-1.1005417,-0.8660331,-1.4731433
296,-1.5629475,-1.3272278,-1.0566245,-1.6187724,-0.45614946,-0.21377939,-1.0142151,-1.5668824,-0.65632534,-0.017907199
297,-0.71262336,0.068258524,-1.051813,-0.17330368,0.12883142,-0.466704,-1.1872343,-0.851975,-0.1714023,0.3159244
298,0.24419776,0.20668386,-0.9692023,0.06783712,-0.3680738,0.2806999,-0.9100448,0.01453153,0.9578184,-1.1545106
299,0.5408813,0.10730313,1.2126222,0.3405611,2.1646218,0.22243485,1.2760206,0.6998171,-0.574404,0.4113376
300,-0.7204308,-1.1819905,-0.6208597,-1.4284099,-0.90153766,-1.3501885,-0.57618827,-0.29850262,-1.0125895,-0.36915693
301,0.22148795,0.49016225,-1.6189638,0.44112316,-0.7044063,0.6011816,-1.5745547,-0.004858748,0.5632394,-1.421622
302,0.7304503,1.010409,1.4864194,0.21138926,1.7993929,0.5525086,1.3982637,0.23173107,0.21815945,0.88965106
303,-0.24429712,-0.4884671,0.6492785,-0.55382663,1.9528584,-0.05488966,0.6528043,0.02860344,-0.4486313,0.5740183
304,0.634464,1.2771151,0.34285378,0.22014424,0.12069882,0.868181,0.3728046,0.9434287,0.41036922,0.4271963
305,0.5597573,0.6191297,0.8005332,1.5158203,2.0300136,0.9015607,0.85735714,0.67650884,1.1844866,-0.97842443
306,0.2285721,-0.18625675,0.51609164,0.75845677,-1.351374,0.080914415,0.5876587,0.0006046629,-0.91318536,1.0075104
307,-0.43219385,-1.4282063,0.69572055,-0.83828044,1.2867832,-0.43953264,0.70858604,0.35813928,0.20121837,0.8189436
308,0.96714556,1.5691416,0.829773,0.18124227,-0.13316135,0.8624536,0.9051902,1.7853576,0.8885046,-0.38551393
309,-0.026071317,0.807305,1.4661372,-0.3439566,-0.89419585,-0.3412891,1.5849416,0.118842766,-0.81741726,1.7136445
310,0.37856138,0.6989577,-0.48679137,-0.13250065,-0.12697557,0.29754165,-0.42663506,0.7057643,0.14777543,-0.6584676
311,1.034181,-0.083377436,0.6071512,0.6630729,-0.08335294,0.8884171,0.47531384,0.10006213,0.1576081,-0.4054115
312,0.1087872,-0.8537062,-1.3986946,-0.030521084,-0.5900462,-0.026715737,-1.368575,-0.9745989,-0.5959279,0.03106206
313,0.36954248,0.30222243,-1.3017006,-0.035968184,-1.0500267,-0.28714472,-1.2936065,-0.32109952,-0.398206,-1.0826048
314,0.9043428,-0.31531227,-0.3868322,1.2471853,0.35959634,-0.3934437,-0.35573903,0.17715661,0.47707108,0.7549119
315,0.24043773,0.5168984,-1.4445944,-0.065565206,-0.3691773,0.79907465,-1.457163,0.9810002,1.7795558,-0.69268525
316,-1.330304,-1.0654234,-0.3647585,-1.0984986,-0.9095676,-0.6151475,-0.3638194,-0.7779059,-0.22658636,-0.84219116
317,-0.9432274,-0.6499174,-1.9220859,-0.94741184,-0.1478427,-1.2028427,-1.850701,-1.2913526,-1.3467401,-0.91408837
318,-0.32121974,-0.7688136,-1.5329807,-0.5255945,-0.84315914,-0.7147566,-1.4932595,-0.2545922,0.60995847,-0.05332259
319,-0.13488734,0.038262375,-0.10856002,0.3365362,-0.62826854,-0.33695573,-0.12707885,0.56188124,-0.09526015,0.076938495
320,-0.5208228,-1.2240735,-0.13715088,-1.0337888,0.346044,-1.1029842,-0.17455932,-0.35478023,-1.142665,0.13619189
321,0.50699055,0.55885303,0.8554153,-0.082471415,1.0313237,0.22519736,0.9580805,0.3115423,-0.37491176,0.5886764
322,0.7060689,2.150481,0.521375,1.1777477,0.090446256,1.1044376,0.42742726,0.90912765,0.50248027,-0.4129054
323,0.39330602,1.0495272,0.37817132,0.8842383,-0.3179349,0.016020954,0.36104065,0.38357395,0.8452698,1.6026005
324,0.99160576,0.5826378,0.9503201,1.3630128,-1.2805855,0.2339028,0.9181587,1.0337179,0.32437754,1.7150981
325,-0.9321184,-1.8959702,-0.08137756,-0.8810783,-0.32497442,-1.2636836,-0.1159864,-1.1304393,-1.1246315,0.17887358
326,-0.88960326,0.32895505,0.8400799,-1.074699,-1.1025702,-0.87447965,0.7475696,-0.76567584,-0.970926,0.8644659
327,-0.29762802,-0.18882199,1.1380816,-0.100802094,-0.4596424,-0.93988746,1.1662692,0.9614631,-0.33714318,-0.13513581
328,-0.79221815,-0.69576275,-0.23392299,-0.6683587,-0.08391445,-0.44695503,-0.26720235,0.029070837,0.26997083,-0.43388796
329,-0.001918638,1.0877547,0.6551307,0.4328889,1.9282529,1.9561709,0.52766466,0.074487746,0.5853091,-0.17617069
330,-0.07331838,0.1668491,0.008429484,-0.3712166,-0.777239,0.52102184,0.021860106,-0.3015132,-0.5990369,0.15472837
331,-0.54469514,-0.6199956,-0.5471509,-1.1299055,-0.3124684,-0.2883132,-0.5794618,-0.63491994,-0.5985318,-1.0694143
332,-0.8059916,-0.63233685,-0.77191985,-0.5731976,0.2877437,-0.81644905,-0.8018914,-0.89153326,-0.69497895,0.13256568
333,-0.3992119,0.3378065,0.7048167,-0.85216886,2.4047775,-1.168202,0.62335956,1.4518816,-0.521836,-0.14939936
334,0.93533033,1.3171921,0.8323638,1.3664553,-0.07074264,0.6440933,0.8377382,0.42484623,0.53198177,0.02764532
335,-0.5403339,0.4032861,0.72888994,-0.35773203,2.0703487,-0.3312561,0.7994467,-0.24076344,-1.1159213,-0.9028045
336,-0.013073972,0.4918452,-1.3112419,-0.56268525,-1.1538571,-0.25950372,-1.3158467,-0.71745706,0.97789043,-1.1108317
337,1.3983554,0.6356407,1.3283036,1.1744144,1.9731836,1.2192248,1.3731747,1.2948073,0.48817554,2.0162363
338,-1.3436816,-0.690018,0.53988594,-0.89611846,-0.74389637,-0.9271723,0.6226388,-0.63640654,-0.2969848,0.2923235
339,-0.55154145,-0.25291678,-0.9204271,-0.4281557,0.44153446,0.0017485311,-0.8519647,-0.3128522,0.7709931,-0.7718666
340,0.56259495,0.12816928,0.7951892,0.9919551,1.1809974,0.73429465,0.61989975,0.5764253,0.041107398,0.17120568
341,-0.013877094,-0.96609044,0.7639541,-0.35455692,1.8842098,0.13722108,0.81586313,-0.6090743,-0.4518685,0.21968678
342,-1.3659871,-0.8841522,-2.3520048,-0.6231102,-1.2121282,-1.0260711,-2.3220289,-1.5571628,-0.8422302,-1.6449035
343,1.3114679,-0.21163893,1.0610522,0.35305843,-0.7257451,1.0742455,0.95165545,0.2656514,-0.3888413,1.1947237
344,-0.5030202,-0.6136001,-0.7956359,-0.65838736,-0.92380446,0.51630795,-0.8793808,-0.45367545,-0.5487787,-1.1393659
345,-0.4539349,-0.1482404,-0.05714195,-0.69631296,0.046786163,0.48211098,-0.06780629,-0.5676953,-0.6180661,0.01796028
346,-1.3682859,-1.5837724,-1.8177001,-1.5770528,0.24678563,-1.9464668,-1.7424878,-1.5155206,-1.6924052,-1.2973337
347,0.3448591,0.87182087,0.7592151,1.0691094,0.18757689,0.14744899,0.7311943,0.7864825,0.3887122,0.12897289
348,0.6973488,0.51300335,-0.042003844,-0.14179501,0.98185307,0.34626347,-0.020594507,1.2158844,0.17658949,-0.7917355
349,0.06235448,0.43952084,-1.7352854,-0.31238052,-0.6137713,-0.317637,-1.6969703,-0.8075658,1.8820543,-1.2469776
350,0.20372996,-0.2528935,1.0217928,0.33883476,-1.1818154,0.44009137,0.9923754,0.9071631,-0.0346928,1.3793018
351,0.5314745,0.5929141,-0.13993771,0.0606073,-1.5282713,-0.005672752,-0.21822907,0.5895987,1.2071507,-0.8567602
352,0.3618386,0.4897896,0.85208905,0.6793848,0.44431952,0.5751448,0.82330215,-0.5214127,0.79710585,0.93674386
353,0.2756494,0.8154281,0.027025482,0.63956976,0.5895152,0.6562032,-0.12260463,0.2903492,-0.38780797,1.5419374
354,0.08201004,1.385898,1.0624633,1.3857979,1.1013031,-0.018037042,1.0471032,1.4504269,0.12649117,-0.85620505
355,0.3307384,-0.73739845,0.43406624,-0.17016067,-0.4868644,0.21048209,0.32884014,0.50695854,-0.8546863,1.0351804
356,0.5090302,-0.23822244,-2.1742184,0.10041375,-1.5359064,0.60707515,-2.0512838,-0.4161366,1.2889524,0.55863625
357,0.42775112,0.7036156,0.34910014,0.6235124,-0.51094306,0.3088426,0.34090492,0.496203,0.35089007,-0.27226472
358,-0.2634577,-0.12888701,0.52036333,-1.0170242,0.35722762,-0.2445575,0.42710644,-0.2096143,0.08466155,-0.029360887
359,0.40304664,0.12878978,0.0872574,-0.049592275,-0.1658449,-0.2295052,0.06519875,-0.1156486,-0.21356678,-0.24781202
360,0.8683388,0.7862953,0.7056559,1.273722,1.4663306,0.6857619,0.7191348,0.7352076,0.3325885,1.4234664
361,0.76919967,0.46938208,0.6568332,0.71110874,-0.2201972,0.5408248,0.46708053,0.9127956,-0.42196712,1.3184938
362,-0.92508006,-1.4577253,0.471733,-1.2294602,-0.5792288,-0.67205817,0.45565364,-0.2257649,-1.0484376,0.50235313
363,0.8124022,0.28325626,0.68291,0.56512713,-0.35128045,0.76139796,0.56246334,0.40893227,0.06083733,-1.0707239
364,-0.65752524,1.220486,1.3123152,-0.12439737,2.294635,0.49635857,1.3916936,0.29048622,0.4989911,0.2218698
365,0.9193426,0.8244286,0.27021825,0.7737666,-0.16500211,0.8498611,0.28649443,0.012199181,1.0062299,1.1642407
366,-0.506778,-0.24095783,-0.046137623,-0.89430887,-0.6336427,-0.51325536,-0.043390367,-0.56460017,-0.19799086,0.009381097
367,-0.93471247,-1.6293923,-1.1927482,-0.74094933,-0.3191582,-0.35083017,-1.283484,-1.4066747,-0.8266645,-0.8390427
368,0.75646496,0.5875636,-0.24412557,1.0775006,-0.58067226,0.97823185,-0.18437424,0.31158626,1.4567496,0.106439695
369,0.37520012,1.0607481,0.47309703,0.84210926,0.055110186,1.0750943,0.51091355,1.379623,1.495545,1.4255983
370,-0.19638175,-1.2531925,-0.029551817,-0.24663551,0.45005184,-0.756292,-0.07037807,-0.1362149,-0.6031266,0.12508455
371,-1.5152777,-1.0529941,0.23285986,-0.9085807,-0.082433276,-1.5416226,0.28098333,-0.43100995,-0.5143206,-0.5863561
372,-0.794041,-1.0308108,0.57713795,-0.6895943,0.7281205,-0.8065172,0.4888465,-1.195031,-0.6287986,-0.80856615
373,0.6469226,0.26082063,-1.0076635,0.967006,-0.09883958,0.38272634,-1.0455526,0.018889297,0.88121325,1.415569
374,0.24579649,0.15510955,0.7320667,0.5221672,-0.35528797,0.9648869,0.6569221,0.19111414,-0.0053153518,1.5929755
375,-0.6110388,-1.2687154,-0.3634881,-1.2672126,-0.5942648,-1.2845116,-0.36444852,-1.1351591,-0.6800522,-1.4065852
376,1.2239277,0.58701366,0.91531235,0.593854,2.1396735,-0.10338088,0.92485976,0.99178255,-0.83564,0.9637218
377,-0.38460472,0.26233745,0.20711702,-0.58390814,-0.7717379,-0.2749951,0.13091855,-0.41349643,-0.019878404,-0.6893987
378,0.8129362,0.42081854,0.23843203,0.7245873,-0.5246529,1.1492025,0.19650094,-0.16526146,1.2806543,-0.8866072
379,0.37502685,0.73661214,-0.91184485,1.438618,-0.78060436,0.40364006,-0.8528623,-0.23729157,1.5342051,-0.99627143
380,-1.5305663,-1.8003515,-2.0078964,-1.7562048,-0.25435147,-1.0376437,-1.8818736,-1.4285347,-1.4224445,-1.2135307
381,-1.0610621,-1.2558358,-1.0574011,-1.2185036,-0.9114267,-0.94836986,-1.1584347,-0.9768651,-1.4369801,-0.69820803
382,-0.25150767,-0.34000278,-0.9517143,-0.16024691,-0.8612787,0.21615475,-0.9088307,-0.8933105,-1.1535794,0.18346304
383,0.9912231,0.87381136,0.71019524,0.6619786,-1.6956065,0.73165953,0.76054734,0.61859334,-0.022532642,1.7837397
384,0.9642967,1.1199353,0.56341434,-0.15513718,2.191452,1.2133104,0.55735767,0.8204522,0.7700311,-0.85045475
385,0.5015375,1.012865,1.121879,0.79894996,-0.33153477,0.9811532,1.184973,1.481005,1.0013095,0.9900274
386,0.7675361,0.54935867,-0.95281154,1.0137615,-0.58132535,0.42051464,-0.9656131,0.24808668,0.641207,-0.92590797
387,-0.44201028,-0.9500394,-0.016811194,-0.35934126,-0.55543905,-0.9486873,-0.075823724,-0.7140625,0.42091322,0.2600296
388,-0.31175643,-0.20720308,1.117532,-0.36516073,1.9658711,-0.58604217,1.1571596,0.32251856,-0.5478216,-0.31579214
389,-0.51879066,-0.5003663,-0.78194207,-0.8311126,-0.1980375,0.33096892,-0.79083997,-0.40312874,0.05849934,-1.0601485
390,1.4364154,1.7047662,0.88135445,0.9524581,-0.35960978,1.0961238,0.7761223,1.6552148,1.0803398,-0.91146106
391,1.124905,1.026964,0.5990796,-0.14116311,-0.9358532,1.7119287,0.57916653,1.616671,1.080719,-0.042549938
392,1.5871431,0.37582824,0.46467346,1.1164633,-0.74036103,1.1019732,0.46116182,0.75560397,0.6005867,1.5622058
393,0.8176709,0.6314916,0.25963223,1.0988309,-0.46496648,0.92738223,0.29457897,1.0965067,0.8733175,-1.1499285
394,-1.3710476,-1.2287517,0.48354015,-1.1145276,-0.95116884,0.0803168,0.4422355,-0.58201474,-0.42064252,0.33349448
395,0.358235,1.0295362,0.8188035,0.7731037,0.55224115,1.1989756,0.76271605,0.4456471,0.56888324,0.41068372
396,-0.5016647,-0.74432576,-0.4461271,-0.7438067,-0.529639,-0.0064357948,-0.4534364,-0.5190234,-0.03477073,0.24349791
397,-0.96364915,-0.9124739,-1.053153,-0.8762471,-1.1356117,-1.1424973,-1.0589097,-0.37479848,-1.3073249,-1.1008654
398,-0.3960366,-0.064098574,-2.7948332,-0.823116,-0.33428597,-0.9936109,-2.7351048,-1.621478,-0.29378805,-0.9743551
399,-0.7005077,-0.59815747,-0.49461472,-0.4251742,0.2387962,-0.13745886,-0.3915104,-0.22276229,-0.0540941,-1.614292
400,-1.6915294,-1.5626577,-1.9223937,-1.3710159,-0.07008929,-1.8824674,-1.9501296,-1.5275192,-0.92050326,-0.18602742
401,-0.82064915,-1.6807225,0.5076497,-0.28906742,2.0174518,-1.2813329,0.30380213,0.03816016,-2.2616136,0.27545053
402,0.66667444,1.3003844,0.7344282,0.6492041,1.1305054,-0.09392679,0.66488194,2.0294755,-0.11232334,0.094656326
403,1.4816835,1.2294927,0.68379766,1.4595996,1.1322732,1.5995327,0.6378687,1.1072603,0.78520125,2.271955
404,0.40668753,0.6559286,0.5884433,0.42215848,-0.3008988,-0.4831105,0.55375534,0.82544106,-0.23954053,-0.096182
405,0.07937005,0.6826662,0.5802171,0.5372241,-1.3602389,0.2806321,0.5839493,0.0012146258,-0.6604558,-1.1481441
406,0.11857009,0.32272086,0.23783126,0.86451775,-1.0120466,0.024246838,0.29413724,0.045074455,0.15572536,-1.1783557
407,0.6224191,-0.14235725,-0.17888068,0.7046535,-0.50590795,0.033945285,-0.021848246,0.028509011,0.05477379,-1.0980635
408,0.050877795,-0.6856714,0.5688031,-0.49502426,1.5108491,-0.64874274,0.45830485,1.2295623,-0.32930002,0.49638632
409,-0.03048031,0.4220401,-1.039611,-0.28049693,-0.5701917,0.61176497,-0.99162996,-0.21550654,0.10809935,-0.5670963
410,0.48706803,-0.07745409,-0.031206114,0.2151556,-0.0713926,0.13872322,-0.13987148,-0.27110806,0.2870557,0.8110576
411,-1.7310559,-0.96019274,-0.39593282,-0.4614659,-0.64281124,-0.96889263,-0.40494275,-0.79926336,-0.9149039,-0.03705953
412,1.899477,1.3615128,0.9578164,1.5183144,-0.9157869,0.7634339,0.95876443,0.72382,1.1988271,0.13630399
413,-1.2565044,-1.0510588,-0.35824722,-1.2925208,-0.32084492,-0.40954164,-0.41969654,-0.7506364,-1.5131819,-1.2099481
414,-0.1477519,-0.44856563,0.90835154,0.44617054,-0.43230954,-0.67410785,0.8376892,-0.69920826,-0.34646317,0.61491567
415,1.7055804,1.945744,1.3095629,1.841828,-0.26828185,0.5592138,1.3721446,0.68295807,1.4364711,0.52523404
416,-0.6646994,-0.93331975,0.2035929,-0.52388483,1.4230917,-1.043549,0.15039855,-0.91589487,-0.7082511,0.4946023
417,1.0616308,0.45189348,-0.06805518,-0.20464747,1.9564625,0.38864896,-0.035222154,0.4768585,0.11355705,-0.5064546
418,0.6812729,0.5701839,-0.13995224,0.31318682,-0.5346672,0.22641411,-0.05118241,0.15875939,0.31959954,1.4011122
419,0.22761393,0.5047646,0.07771638,0.46336907,-0.65812415,-0.0834166,0.030268088,1.101977,0.42485884,-0.44093344
420,1.4453202,0.9811581,1.0180407,0.16918123,1.9600189,-0.20281227,0.9931766,1.1294963,-0.43702286,-0.045308642
421,-1.3175606,-1.0779339,-1.2758774,-0.73864985,0.18953378,-0.9600278,-1.2065619,-1.0509541,-0.2598175,-0.010089416
422,-0.85917115,-1.2092153,-0.17478688,-0.63352185,1.0293106,0.18044238,-0.15406649,-0.2531847,-0.90882766,0.6378429
423,-0.41475785,0.17699884,1.1168967,0.45535716,1.0934844,-0.26867524,1.1354007,1.5361108,-1.5549916,1.4714907
424,-0.038553268,0.058268484,0.21140483,0.22121873,-1.0178416,-0.9420487,0.17969674,0.365573,-0.17607689,1.3681965
425,-0.49787882,-0.63839537,0.0826485,-0.14253679,-0.095631264,-0.17630741,0.0208227,-1.1912587,-0.94800305,-0.29378095
426,0.33722547,0.81903154,1.1539334,-0.075317584,1.821934,0.08203921,1.1067749,0.276854,0.8539341,1.1454703
427,0.029434817,0.71767044,0.5017774,0.18499792,-0.8400286,0.105073474,0.41965935,0.19069251,-0.5493113,-1.3541526
428,0.48056507,-0.33226907,-1.7405685,0.2662854,-0.3845902,0.3699518,-1.7629368,-0.79366636,1.938768,-0.63233244
429,0.5496803,0.30668175,-1.9962991,-0.4909889,-0.56953955,0.08989302,-1.9660689,-0.70023674,1.9782305,-1.1355664
430,1.0345557,1.1188293,1.1937577,1.201931,0.5852262,0.39360803,1.349257,0.9593656,1.2943614,2.4856648
431,-0.9758363,-1.0976971,-0.18619934,-0.71418715,-0.09591448,-0.42311236,-0.20814694,-1.2680244,-0.6697663,-0.20990144
432,0.31946182,-0.0730994,0.72764117,0.22573078,1.3314198,0.75733006,0.71072525,0.10055542,-0.7326995,-0.28142136
433,0.95653534,0.50627327,-0.08506476,1.1988878,0.17889254,-0.1026684,-0.14943175,0.29632553,0.697205,0.36480838
434,-0.81177646,-0.640479,0.02309388,0.040471114,0.08630706,0.069496095,0.024827182,-0.38028556,-1.3350021,0.48944265
435,-0.17249984,0.5084954,1.1051061,-0.560192,2.4747171,0.48203167,1.0887462,0.026690438,-1.8442857,0.41908488
436,0.8858325,1.2431772,0.23909882,0.99817604,0.05598875,0.4550648,0.24092397,0.46518686,1.4333788,-1.1027458
437,-0.9203911,-1.0274489,0.21310191,-0.7766983,0.055977084,-0.10624779,0.2502641,-0.09213409,-0.38611957,-0.48937917
438,-0.66916144,-0.7463399,-1.3096678,-1.4276198,-1.1761117,-0.71548116,-1.4234656,-2.0289993,-1.3853446,-0.5258229
439,-0.37983823,-0.7576514,-0.94882095,-0.2109386,-0.43676746,-0.33558524,-1.0616769,-0.994469,0.06387628,0.024847303
440,0.10693509,-0.10066537,0.17637597,-0.123110704,-0.9149248,-0.44266987,0.15205497,-0.44126382,0.1648292,-0.34972158
441,-1.3484292,-0.8687424,-1.8800966,-1.0935922,-0.2822413,-0.6478094,-1.8314737,-1.2745355,-0.1410254,-1.5560732
442,0.77533996,1.5513585,1.0231774,0.773614,1.8573802,0.10842727,1.1757287,0.9148441,-0.018015098,1.0510125
443,0.40797728,0.8431847,0.37546888,0.7093348,-0.4014899,0.4031313,0.28310436,0.8146379,0.28838873,1.6550962
444,-0.23220943,-0.39450753,0.13057883,0.114496574,-0.62569475,0.19044904,0.20557351,0.5105699,0.124743536,-0.4869971
445,0.22477603,1.5468377,1.0146189,0.38216186,-0.19825973,-0.102973744,1.0081393,0.3436753,-0.03717432,-1.528537
446,0.24760593,-0.25525635,0.60140276,-0.50640506,0.12981258,-0.551805,0.5624041,0.5076421,-1.5080624,0.7543321
447,0.4165186,-0.21150339,1.1589162,-0.7426429,0.6957429,0.6220982,1.2877812,0.734261,0.13624404,-0.04926714
448,1.0572803,0.3427033,0.6283614,1.1175051,1.6870701,-0.35252613,0.5615841,1.1040902,0.2423117,0.6144986
449,0.84461296,0.49546888,0.8392042,1.0474105,0.73183846,-0.5108972,0.88271326,1.3702384,-0.22942086,0.79453707
450,0.17528148,0.66543895,-0.026378682,0.3596321,-1.0065491,-0.24846338,0.01594677,0.68481904,-0.43397066,1.140749
451,-1.2987375,-1.0554312,-0.15144981,-1.1608983,-0.4545965,-0.9946207,-0.14903004,-0.84924275,-0.765731,-0.7795874
452,0.40537682,0.57284594,-1.3861232,0.20319715,-0.7695997,0.14365198,-1.3848329,-0.07259595,-0.28082007,-0.7936621
453,1.4856923,1.315726,0.8052415,1.2004118,-1.7029263,0.84528035,0.81357974,1.0350053,0.8605514,0.666283
454,1.3676585,0.2989514,0.36585647,0.80194426,0.16032214,1.5413222,0.3894379,1.3422561,0.34317446,-0.41449246
455,-1.8641642,-0.7888169,-1.0119399,-1.8384321,-0.10122145,-1.6018689,-1.0188384,-1.4413695,-0.74761987,-1.2342145
456,1.4577129,1.1472311,1.188693,0.890075,-0.6002702,0.0017182737,1.1562382,0.6140627,0.4986248,1.8003354
457,-0.28057623,-0.021355584,0.22992702,0.19682902,1.0876775,-0.468713,0.20358019,-0.75298786,-1.0566988,0.48284033
458,-0.20122914,0.19827463,0.76944685,-0.3464783,0.4321313,-0.10473326,0.7158562,0.22909315,-0.16594617,0.5045883
459,-0.5631724,0.26996243,-0.13271932,0.002642518,-0.22132121,-0.4247218,-0.21107171,-0.28968412,0.83424765,-0.032328945
460,-0.28073266,0.2439092,0.91558284,-0.030659985,1.3044106,-0.27271825,0.87296367,0.17014371,0.097255416,1.2369412
461,1.0986004,0.24741279,0.56171954,0.536408,-1.235921,0.2684394,0.44757792,0.89437646,0.4935542,1.5223217
462,-0.96375847,-0.604692,-1.3995341,0.032610964,0.2578922,-0.39639047,-1.4588368,-0.13761671,0.3157369,-0.7661825
463,-1.0397943,-1.7978708,0.1647719,-0.916498,0.35283005,-0.6720379,0.1405541,-0.07072747,-0.013013588,0.6467069
464,-0.19899543,-0.24020961,-0.6009813,-0.4714166,-0.2633335,-0.39268628,-0.5557874,-0.59546876,0.040914603,-1.7187244
465,0.77156425,0.746484,0.23258916,0.45151758,-0.14573345,-0.13798366,0.26862434,1.107035,0.39751127,1.418884
466,0.2527479,0.24857664,0.71987426,0.28187415,1.4130197,-0.19139664,0.7346531,0.93885475,0.017096324,1.1834135
467,0.11431565,-0.4953783,1.1249952,-0.3219678,-0.6270028,-0.0062663564,1.1694931,1.1638756,-0.28511807,-0.016804555
468,-1.5112419,-1.4371008,-1.15631,-1.1306541,-0.64696205,-1.1449152,-1.1241469,-1.1632599,-2.3071585,-0.1751971
469,0.94276196,0.35154322,-0.03259935,1.2064621,0.14114973,0.35211724,-0.0291482,0.11413603,0.23033877,-0.7978204
470,0.041503955,-0.722991,-1.3685958,0.099973865,-1.2037824,0.01915536,-1.4999231,-0.46392956,0.053162925,-1.3900409
471,0.5088801,0.41970196,-0.30667055,0.4117,-1.0708333,-0.529194,-0.33640906,-0.020252341,0.69099057,-0.40913886
472,0.8395601,0.57259554,0.14758094,0.6926676,-0.73513687,-0.23347689,0.13613321,-0.41703516,-0.0686205,1.5308756
473,0.015302115,0.52808607,-1.8807799,0.46014127,-0.21341114,-0.5712107,-1.8929362,-0.91119534,-0.2532372,-1.1436505
474,0.07756183,0.35814196,0.87293524,0.20866558,-0.34852102,-0.4711503,0.8208124,0.89808416,-0.46937647,-0.65945745
475,-0.22339548,0.24051389,0.253178,0.20625032,-1.6992362,0.5908615,0.2817081,-0.5302024,-0.5832362,-0.4549317
476,-0.41906464,-0.07676298,-2.1599164,-0.97750795,-0.36578667,-0.7497195,-2.1199229,-1.3486465,1.099412,-0.9888696
477,-1.2252427,-0.6153675,0.5091476,-1.2349294,0.4248469,-0.23654687,0.5650375,-0.8739711,-0.59091383,-0.52618396
478,0.42263898,-0.26664764,0.06592681,-0.0002863796,-0.63197523,-0.82878006,0.09067554,0.04613092,0.5897241,1.3949009
479,-1.1607113,-0.14125364,-0.5637695,-0.49344635,-1.5056381,0.10892026,-0.61253166,-0.9515476,0.09678325,-1.3053191
480,-1.0909088,-1.4585901,-1.4344579,-1.858445,-0.7932716,-1.4045659,-1.4102492,-1.8017774,-1.1916872,-0.010586701
481,0.6780491,1.1250372,0.9992515,0.9735999,1.3466293,1.2183686,1.0766995,1.0477002,0.79051197,0.5229357
482,-0.7045638,-1.2560072,0.53704816,-0.11927375,1.749711,-1.9120581,0.4874938,0.32223323,-1.2737585,0.22929882
483,0.7125025,0.9883873,-0.01815532,0.23066296,-0.7287368,0.5997521,-0.022094399,0.017267613,1.6661242,0.2296959
484,0.91311574,0.3264021,0.3419707,0.6311464,-1.0303291,0.4265754,0.3212568,0.9157237,0.070122615,0.25321513
485,-0.70282036,-0.52191687,-0.85276115,-0.97232026,-0.64265656,-0.3909462,-0.8935523,-0.3287923,-0.55266863,-1.4640362
486,0.9273904,1.3414575,0.88122946,1.2605664,-1.0288072,1.311726,0.94731504,0.323678,0.90296507,0.45863602
487,0.6544007,0.24822079,0.6849319,-0.13355382,-0.6660124,0.15288873,0.8162622,1.274406,-0.059985116,-0.13609524
488,-0.7953511,-1.3101285,-0.7896569,-1.1215786,0.2106229,-0.29333624,-0.7653454,-1.1680288,-1.2301062,-1.0544338
489,-0.9327078,-0.6634311,-0.06390379,-0.17929704,-0.7178342,0.12331221,-0.1320854,-0.4493365,-1.2187862,-1.2980541
490,0.27442592,0.011562446,0.7281979,0.71810716,0.120283745,0.47921175,0.5893307,-0.6014728,0.21278305,-0.14163928
491,1.4467067,0.7840424,0.06940419,1.1204122,-1.714025,0.2433319,0.00867684,0.65977705,0.2374529,1.458156
492,-0.2795069,-0.1897548,0.122381486,-0.69851345,1.4973305,0.20069435,0.18466845,-0.71183306,-0.21114409,0.48263484
493,0.03712753,-0.12719418,0.69222796,-0.45325238,-1.0949101,-0.70590806,0.60352945,0.5485219,-0.038553257,-0.45522636
494,0.94594467,0.5453584,-0.20624034,0.8068612,-0.4585158,1.0254352,-0.1950144,0.2715442,0.4633529,0.2310359
495,0.006767984,-0.4874026,0.63252467,-0.9163891,1.8178566,-0.030784534,0.6738593,0.15602854,-0.7949212,1.2139394
496,0.16690472,-0.87374836,1.1877428,-0.20693551,-0.21747968,-0.6061179,1.0621852,-0.41446853,-1.2512938,-0.24986923
497,-1.6823223,-0.95743877,-1.0222747,-1.6796018,-0.6395102,-1.7669761,-1.0580771,-1.5822455,-1.0498178,-1.167764
498,1.7765043,1.7892944,0.060553115,1.0875405,0.102404006,0.47264346,0.12605375,0.6262688,0.20638272,0.25744328
499,-0.010770379,0.35693353,1.3515437,-0.7453634,-0.89341146,-0.05055113,1.5126083,0.40834212,-0.07879072,1.1034073
500,-1.0336971,-1.6415862,-1.8854325,-1.6238267,-0.011448558,-1.8684399,-1.8194267,-1.9361968,-2.2107306,-0.08605177
